Business,Phone,Category,Google Business Profile
Ellade Restoran&Cafe,(0262) 646 36 88,restoran,✓
Osman İzmir Kokoreç Gebze,0533 394 55 86,restoran,✓
1Garden Cafe&Restaurant,,restoran,✓
KABURGACI ALBAY SİNCE 1969,0538 443 46 01,restoran,✓
Paradise Cafe Lounge,0544 195 00 41,restoran,✓
Küçük Ev Restoran,(0262) 655 56 30,restoran,✓
Midyeci Yasin Gebze,(0262) 641 06 42,restoran,✓
Dark Lounge Gebze,(0262) 643 16 53,restoran,✓
Yelken Balıkçısı,0539 642 82 71,restoran,✓
Chef's Corner,0549 105 58 58,restoran,✓
GÖNÜL SOFRASI,(0262) 643 13 10,restoran,✓
AVCININ YERİ AKSE SAPAĞI,(0262) 641 66 99,restoran,✓
Tatoğlu Fırın Pastanesi,0538 961 84 53,kafe pastane,✓
NAMLI PASTANESI,(0262) 646 57 37,kafe pastane,✓
Paleo Pasta Cafe Kahvaltı,0541 641 61 11,kafe pastane,✓
Merdane cafe pastane,,kafe pastane,✓
Salaaş Cafe Restaurant,(0262) 642 14 13,kafe pastane,✓
Sultan Pastaneleri 1968,(0262) 642 47 95,kafe pastane,✓
Barış Fırın Pasta,,kafe pastane,✓
Soul Cafe & Patisserie,,kafe pastane,✓
No:82 Lounge,0539 236 58 28,kafe pastane,✓
Asmalı Fırın Baklava Pasta ve Cafe,0530 855 41 69,kafe pastane,✓
Wagas Cafe Pastane,,kafe pastane,✓
Antik Kafe & Restorant,(0262) 641 11 20,kafe pastane,✓
Salon Akif Yıldız,0553 412 06 04,kuaför berber,✓
Kuaför Bülent,0507 522 84 18,kuaför berber,✓
KUAFÖR RAMAZAN,0543 914 03 03,kuaför berber,✓
Mustafa Yılmaz HAIR STUDIO/Gebze/ kocaeli,0533 406 90 63,kuaför berber,✓
Lizbon Kuaför,0544 326 41 04,kuaför berber,✓
KUAFÖR MERT,0545 234 02 85,kuaför berber,✓
Ümit Bilgili Hair Design,0541 592 07 38,kuaför berber,✓
Greenman Barber Shop,0546 247 21 41,kuaför berber,✓
Salon MEŞ,0536 548 29 54,kuaför berber,✓
Taner Tan Kuaför,0554 111 79 34,kuaför berber,✓
Kafadar Erkek Kuaförü,0538 371 50 57,kuaför berber,✓
Gebze Çarşı Erkek Kuaförü,,kuaför berber,✓
HAİR CENTER,0537 025 52 80,kuaför berber,✓
Rozallia Deluxe Güzellik Salonu,0501 266 00 41,güzellik salonu,✓
Serhat Görer Güzellik Salonu,0544 409 34 04,güzellik salonu,✓
Melis enci güzellik salonu,0533 619 34 41,güzellik salonu,✓
Eylül Öztürk Nail Spa & Beauty Gebze,0539 644 09 88,güzellik salonu,✓
Escalade Beauty Palace Güzellik Merkezi,0507 695 65 65,güzellik salonu,✓
Sisters Melek&Melike Güzellik Merkezi,0541 134 41 41,güzellik salonu,✓
Pure Bloom Gebze,0530 678 02 10,güzellik salonu,✓
Yağmur Güzellik Kişisel Bakım Gebze Güzellik Merkezi),0552 155 66 88,güzellik salonu,✓
Gebze Güzellik Merkezi | Ezgi Nur Beauty,,güzellik salonu,✓
Lamirada Güzellik Sarayı,0505 866 41 65,güzellik salonu,✓
Özlem Sarp Beauty&Nail | Gebze Protez Tırnak,0543 381 76 00,güzellik salonu,✓
PANAMERA BEAUTY GÜZELLİK DÜNYASI,0551 702 49 25,güzellik salonu,✓
Lale Kayan Güzellik Salonu,0551 937 64 02,güzellik salonu,✓
İnci Beauty And Beyond-Güzellik Merkezi,0536 493 27 79,güzellik salonu,✓
Afrodit Güzellik merkezi,0530 203 08 88,güzellik salonu,✓
Sevgi Gökçe estetik ve güzellik merkezi,0541 149 75 50,güzellik salonu,✓
GEBZE AVUKAT - AVUKAT BURAK YASİN YÜZGÜLLÜ- YÜZGÜLLÜ HUKUK BÜROSU-,0530 263 74 64,avukat,✓
AVUKAT MELİSA ÖZLEM ÖZDEMİR - GEBZE AVUKAT - ÖZDEMİR HUKUK VE DANIŞMANLIK,0534 918 42 89,avukat,✓
Av. Bilgin Polat Hukuk Danışmanlık - Gebze Avukatı,0539 364 77 19,avukat,✓
Avukat Emre Gülseven | Gülseven Hukuk ve Danışmanlık Bürosu,0552 188 41 03,avukat,✓
Okatan Hukuk & Danışmanlık Bürosu | Av. Kübra OKATAN,0533 922 44 72,avukat,✓
BAŞIBÜYÜK Hukuk Bürosu - Avukat Samet Başıbüyük,0545 789 44 05,avukat,✓
Avukat Fatih Mehmet Köse I Köse Hukuk ve Arabuluculuk Bürosu,0534 895 38 49,avukat,✓
Avukat Mehmet Gözel I M&G Hukuk ve Arabuluculuk Bürosu,0533 380 79 02,avukat,✓
DİŞ HEKİMİ A.SEVDE ULUSOY KIRIKKAYA,0553 564 30 00,diş hekimi,✓
Özel S&G Clinics Ağız ve Diş Sağlığı Polikliniği,0553 267 71 74,diş hekimi,✓
ÜNİFİT FİTNESS GEBZE,0530 648 44 75,spor salonu fitness,✓
NEOS GYM,0531 610 87 47,spor salonu fitness,✓
Gebze Kapalı Spor Salonu,,spor salonu fitness,✓
Olympia Sport Center,0507 992 20 09,spor salonu fitness,✓
BBA SPORT CENTER,0544 540 58 43,spor salonu fitness,✓
FORMLAB FITNESS,0543 293 84 39,spor salonu fitness,✓
Buzz Fitness Pt Studio,0541 491 82 41,spor salonu fitness,✓
EROL BODY FITNESS CENTER,(0262) 643 88 66,spor salonu fitness,✓
Life Form Aletli Pilates Atölyesi,0553 186 41 04,spor salonu fitness,✓
Bloom Studio Gebze,0531 521 46 15,spor salonu fitness,✓
WOLF GYM FİTNESS,0535 047 38 31,spor salonu fitness,✓
Özdoğan Otomotiv Gebze,,oto galeri,✓
ÇINAR OTOMOTİV GEBZE,0541 320 71 81,oto galeri,✓
GEBZE OTOMOTİV,0544 848 41 41,oto galeri,✓
OTO BAYİ GEBZE,0554 254 39 13,oto galeri,✓
Hakan otomotiv gebze,0506 684 38 72,oto galeri,✓
Gebze Mutlu Otomotiv,0507 108 33 70,oto galeri,✓
Ercanlar Otomotiv Gebze,0535 629 93 25,oto galeri,✓
SAYGIN OTO GEBZE,0533 364 21 03,oto galeri,✓
KAYA MOTORS GEBZE,0539 894 35 94,oto galeri,✓
Gebze oto pazarı,,oto galeri,✓
GEBZE EMLAK EMPA GAYRIMENKUL,0541 769 86 04,emlak ofisi,✓
Gebze emlak,(0262) 641 49 55,emlak ofisi,✓
Gebze Emlak Asaf Yapı Gayrimenkul,0532 650 08 36,emlak ofisi,✓
Şener Gayrimenkul Yatırım Danışmanlğı,0536 587 00 34,emlak ofisi,✓
VİZYON GAYRİMENKUL | Kocaeli Gebze,0533 327 61 45,emlak ofisi,✓
GEBZE TURYAP,(0262) 600 00 07,emlak ofisi,✓
Evaclinic Cerrahi Medikal Estetik Kliniği,(0262) 641 41 40,doktor klinik,✓
uz.dr.murat tolga avşar,0549 123 20 40,doktor klinik,✓
Gebze masaj mutlu son,,fotoğrafçı,✓
Gebze Fotoğrafçı - Foto Kadraj,0534 679 19 58,fotoğrafçı,✓
FOTO 2000,(0262) 644 39 34,fotoğrafçı,✓
Promedya Organizasyon -Düğün Organizasyon,0535 511 34 61,fotoğrafçı,✓
NK AJANS - Gebze Düğün Fotoğrafçısı,0507 454 67 50,fotoğrafçı,✓
Coşkunlar Fotoğrafçılık,0530 413 88 29,fotoğrafçı,✓
Foto Birlik,(0262) 643 36 90,fotoğrafçı,✓
3K Fotoğrafçılık LAZER KESİM HEDİYELİK ÜRÜNLER KAŞE TONER BİYOMETRİK FOTOĞRAF GEBZE,(0262) 646 60 03,fotoğrafçı,✓
Foto Özer,(0262) 641 55 64,fotoğrafçı,✓
Bora Fotoğrafçılık,(0262) 646 39 86,fotoğrafçı,✓
FOTO YAVUZ (ACELE VESİKALIK),0506 364 80 54,fotoğrafçı,✓
Turaneli Fotoğrafçılık,(0262) 643 68 00,fotoğrafçı,✓
Foto Özgür,0535 976 15 93,fotoğrafçı,✓
Gebze Rüyam Fotoğrafçılık(Vesika&Biyometrik),(0262) 641 50 75,fotoğrafçı,✓
Gebze Nakliyeci,0536 990 23 38,nakliyat,✓
Evden Eve Asansörlü Nakliyat,0501 584 82 97,nakliyat,✓
Gebze Evden Eve Asansörlü Nakliyat Hizmetleri,0555 201 56 05,nakliyat,✓
Gebze nakliye,0552 363 52 41,nakliyat,✓
Gebze Karaçoban Nakliyat,0551 189 48 28,nakliyat,✓
KIZILDAĞ NAKLİYAT -Proje taşımacılık/Kuru yük/Ağır nakliye/ADR .Kocaeli Körfez Dilovası Gebze Nakliye Firmasıdır,0537 022 27 01,nakliyat,✓
DEMİR İNŞAAT PREFABRİK,0535 494 92 77,inşaat firması,✓
Orhanlar alüminyum & inşaat,0545 463 18 04,inşaat firması,✓
Vanlıoğulları Doğalgaz İnşaat Gebze Ofisi,0532 291 76 80,inşaat firması,✓
Akyaka İnşaat Mimarlık,0535 584 48 36,inşaat firması,✓
Kabay İnşaat Mühendislik Taahhüt Ticaret LTD. ŞTİ.,(0262) 646 27 96,inşaat firması,✓
Mhs Özdemir İnşaat,0532 631 53 97,inşaat firması,✓
Kalecanlar İnşaat,(0262) 642 06 70,inşaat firması,✓
Temin İnşaat Mantolama ve Çatı,0552 241 36 36,inşaat firması,✓
ARMA PRO BİLGİSAYAR TEKNİK SERVİS VE BİLİŞİM HİZMETLERİ,(0262) 646 62 68,bilgisayar tamir,✓
Gebze Bilgisayar ve Bilişim Teknolojileri,(0262) 642 25 25,bilgisayar tamir,✓
Kafkasyam Özlem Elektronik ve Otomasyon,0544 693 34 95,bilgisayar tamir,✓
Atasoft Bilgisayar,0535 351 32 32,bilgisayar tamir,✓
Netbil Bilgi İşlem,(0262) 642 81 40,bilgisayar tamir,✓
Bilgisayarcı internet cafe,0544 234 41 66,bilgisayar tamir,✓
Netbil Teknik Servis,(0262) 642 81 40,bilgisayar tamir,✓
Gebze Bilgisayar Servisi,0850 346 0741,bilgisayar tamir,✓
NURULLAH YILDIZ SERBEST MUHASEBECİ MALİ MÜŞAVİRLİK BÜROSU SMMM,(0262) 641 86 67,muhasebe mali müşavir,✓
SMMM ADEM DENİZ MALİ MÜŞAVİRLİK VE DENETİM BÜROSU,0536 335 19 67,muhasebe mali müşavir,✓
Gebze Serbest Muhasebeci Mali Müşavir Firdevs Koç,(0262) 643 81 35,muhasebe mali müşavir,✓
Gebze SMMM Serbest Muhasebeci Mali Müşavir Melek Eker,0531 632 30 89,muhasebe mali müşavir,✓
SMMM MURAT ÇALIŞKAN,,muhasebe mali müşavir,✓
Gebze Serbest Muhasebeci Mali Müşavir Köksal DİLMEN,(0262) 641 29 91,muhasebe mali müşavir,✓
Serbest Muhasebeci Mali Müşavir - Bağımsız Denetçi - Osman SARI,(0262) 644 57 62,muhasebe mali müşavir,✓
SMMM MESUT ÖZTOPRAK OFİSİ,,muhasebe mali müşavir,✓
Serbest Muhasebeci Mali Müşavir Ali SOFİOĞLU,(0262) 646 23 13,muhasebe mali müşavir,✓
Ensar Gece Terzisi,0532 161 99 36,terzi,✓
Terzi Cengiz,0535 220 08 17,terzi,✓
Terzi Rıdvan,0544 899 61 49,terzi,✓
Terzi Tuğba,0530 425 31 90,terzi,✓
Nöbetçi Terzi,0553 103 61 56,terzi,✓
TERZİ MEVLÜDE,0538 559 34 93,terzi,✓
Terzi Nurullah Gebze,0533 945 93 26,terzi,✓
Gebze terzi malkoç,0532 646 83 61,terzi,✓
Terzi Atakan,0530 402 60 92,terzi,✓
Terzi yunus -kral terzi,0543 328 52 97,terzi,✓
Hülya Terzi Tuhafiye&Bijuteri,0544 409 25 86,terzi,✓
Terzi Ercan - Gebze Center AVM,0535 847 40 10,terzi,✓
Terzi Ayhan,0537 296 22 67,terzi,✓
Terzi Kenan,0544 502 75 33,terzi,✓
Yeşil Dal Terzi,0546 421 13 05,terzi,✓
Arapçeşme Terzisi,,terzi,✓
Zeynep Terzi,,terzi,✓
Terzi Ahmet,,terzi,✓
Terzi Yusuf Avcı,0505 246 16 56,terzi,✓
